Wk,Day,Date,Time,Home,Score,Away,Attendance,Venue,Referee,Match Report,Notes
1,Sat,2026-08-22,18:30,Udinese,1–1,Como,23239,Bluenergy Stadium,Alberto Arena,Match Report,
1,Sat,2026-08-22,18:30,Inter,4–1,Monza,75013,Stadio Giuseppe Meazza,Livio Marinelli,Match Report,
1,Sat,2026-08-22,20:45,Parma,0–1,Cagliari,15365,Stadio Ennio Tardini,Daniele Perenzoni,Match Report,
1,Sat,2026-08-22,20:45,Genoa,0–2,Napoli,33113,Stadio Comunale Luigi Ferraris,Marco Di Bello,Match Report,
1,Sun,2026-08-23,18:30,Frosinone,0–1,Juventus,15256,Stadio Benito Stirpe,Giovanni Ayroldi,Match Report,
1,Sun,2026-08-23,18:30,Venezia,0–2,Lecce,11016,Stadio Pier Luigi Penzo,Antonio Rapuano,Match Report,
1,Sun,2026-08-23,20:45,Torino,1–2,Milan,24285,Stadio Olimpico Grande Torino,Luca Zufferli,Match Report,
1,Sun,2026-08-23,20:45,Atalanta,2–1,Sassuolo,20828,New Balance Arena,Valerio Crezzini,Match Report,
1,Mon,2026-08-24,18:30,Bologna,0–1,Lazio,28211,Stadio Renato Dall'Ara,Fabio Maresca,Match Report,
1,Mon,2026-08-24,20:45,Roma,4–0,Fiorentina,67598,Stadio Olimpico,Matteo Marcenaro,Match Report,
,,,,,,,,,,,
2,Fri,2026-08-28,20:45,Milan,,Venezia,,Stadio Giuseppe Meazza,,Head-to-Head,
2,Sat,2026-08-29,18:30,Sassuolo,,Torino,,Mapei Stadium - Città del Tricolore,,Head-to-Head,
2,Sat,2026-08-29,18:30,Monza,,Udinese,,U-Power Stadium,,Head-to-Head,
2,Sat,2026-08-29,18:30,Fiorentina,,Frosinone,,Stadio Artemio Franchi,,Head-to-Head,
2,Sat,2026-08-29,20:45,Juventus,,Parma,,Allianz Stadium,,Head-to-Head,
2,Sun,2026-08-30,18:30,Napoli,,Como,,Stadio Diego Armando Maradona,,Head-to-Head,
2,Sun,2026-08-30,20:45,Cagliari,,Inter,,Unipol Domus,,Head-to-Head,
2,Sun,2026-08-30,20:45,Lazio,,Genoa,,Stadio Olimpico,,Head-to-Head,
2,Mon,2026-08-31,18:30,Lecce,,Roma,,Stadio Comunale Ettore Giardiniero,,Head-to-Head,
2,Mon,2026-08-31,20:45,Atalanta,,Bologna,,New Balance Arena,,Head-to-Head,
,,,,,,,,,,,
3,Fri,2026-09-04,20:45,Genoa,,Como,,Stadio Comunale Luigi Ferraris,,Head-to-Head,
3,Sat,2026-09-05,15:00,Fiorentina,,Torino,,Stadio Artemio Franchi,,Head-to-Head,
3,Sat,2026-09-05,18:00,Inter,,Napoli,,Stadio Giuseppe Meazza,,Head-to-Head,
3,Sat,2026-09-05,20:45,Roma,,Atalanta,,Stadio Olimpico,,Head-to-Head,
3,Sun,2026-09-06,15:00,Parma,,Monza,,Stadio Ennio Tardini,,Head-to-Head,
3,Sun,2026-09-06,15:00,Frosinone,,Venezia,,Stadio Benito Stirpe,,Head-to-Head,
3,Sun,2026-09-06,18:00,Bologna,,Sassuolo,,Stadio Renato Dall'Ara,,Head-to-Head,
3,Sun,2026-09-06,20:45,Juventus,,Milan,,Allianz Stadium,,Head-to-Head,
3,Mon,2026-09-07,18:00,Cagliari,,Lecce,,Unipol Domus,,Head-to-Head,
3,Mon,2026-09-07,20:45,Udinese,,Lazio,,Bluenergy Stadium,,Head-to-Head,
,,,,,,,,,,,
4,Fri,2026-09-11,20:45,Venezia,,Fiorentina,,Stadio Pier Luigi Penzo,,Head-to-Head,
4,Sat,2026-09-12,,Sassuolo,,Juventus,,Mapei Stadium - Città del Tricolore,,Head-to-Head,
4,Sat,2026-09-12,15:00,Genoa,,Frosinone,,Stadio Comunale Luigi Ferraris,,Head-to-Head,
4,Sat,2026-09-12,20:45,Atalanta,,Cagliari,,New Balance Arena,,Head-to-Head,
4,Sun,2026-09-13,,Torino,,Roma,,Stadio Olimpico Grande Torino,,Head-to-Head,
4,Sun,2026-09-13,,Lazio,,Milan,,Stadio Olimpico,,Head-to-Head,
4,Sun,2026-09-13,,Como,,Parma,,Stadio Giuseppe Sinigaglia,,Head-to-Head,
4,Sun,2026-09-13,15:00,Lecce,,Monza,,Stadio Comunale Ettore Giardiniero,,Head-to-Head,
4,Sun,2026-09-13,18:00,Napoli,,Bologna,,Stadio Diego Armando Maradona,,Head-to-Head,
4,Mon,2026-09-14,20:45,Inter,,Udinese,,Stadio Giuseppe Meazza,,Head-to-Head,
,,,,,,,,,,,
5,Fri,2026-09-18,20:45,Monza,,Sassuolo,,U-Power Stadium,,Head-to-Head,
5,Sat,2026-09-19,15:00,Bologna,,Torino,,Stadio Renato Dall'Ara,,Head-to-Head,
5,Sat,2026-09-19,15:00,Udinese,,Cagliari,,Bluenergy Stadium,,Head-to-Head,
5,Sat,2026-09-19,18:00,Roma,,Inter,,Stadio Olimpico,,Head-to-Head,
5,Sat,2026-09-19,20:45,Venezia,,Lazio,,Stadio Pier Luigi Penzo,,Head-to-Head,
5,Sun,2026-09-20,12:30,Fiorentina,,Napoli,,Stadio Artemio Franchi,,Head-to-Head,
5,Sun,2026-09-20,15:00,Frosinone,,Como,,Stadio Benito Stirpe,,Head-to-Head,
5,Sun,2026-09-20,15:00,Parma,,Genoa,,Stadio Ennio Tardini,,Head-to-Head,
5,Sun,2026-09-20,18:00,Juventus,,Atalanta,,Allianz Stadium,,Head-to-Head,
5,Sun,2026-09-20,20:45,Milan,,Lecce,,Stadio Giuseppe Meazza,,Head-to-Head,
,,,,,,,,,,,
6,Sun,2026-10-11,,Como,,Roma,,Stadio Giuseppe Sinigaglia,,Head-to-Head,
6,Sun,2026-10-11,,Napoli,,Frosinone,,Stadio Diego Armando Maradona,,Head-to-Head,
6,Sun,2026-10-11,,Lazio,,Monza,,Stadio Olimpico,,Head-to-Head,
6,Sun,2026-10-11,,Atalanta,,Venezia,,New Balance Arena,,Head-to-Head,
6,Sun,2026-10-11,,Torino,,Udinese,,Stadio Olimpico Grande Torino,,Head-to-Head,
6,Sun,2026-10-11,,Cagliari,,Juventus,,Unipol Domus,,Head-to-Head,
6,Sun,2026-10-11,,Genoa,,Fiorentina,,Stadio Comunale Luigi Ferraris,,Head-to-Head,
6,Sun,2026-10-11,,Lecce,,Bologna,,Stadio Comunale Ettore Giardiniero,,Head-to-Head,
6,Sun,2026-10-11,,Inter,,Parma,,Stadio Giuseppe Meazza,,Head-to-Head,
6,Sun,2026-10-11,,Sassuolo,,Milan,,Mapei Stadium - Città del Tricolore,,Head-to-Head,
,,,,,,,,,,,
7,Sat,2026-10-17,,Monza,,Cagliari,,U-Power Stadium,,Head-to-Head,
7,Sat,2026-10-17,,Fiorentina,,Como,,Stadio Artemio Franchi,,Head-to-Head,
7,Sat,2026-10-17,,Juventus,,Lazio,,Allianz Stadium,,Head-to-Head,
7,Sat,2026-10-17,,Milan,,Atalanta,,Stadio Giuseppe Meazza,,Head-to-Head,
7,Sat,2026-10-17,,Venezia,,Napoli,,Stadio Pier Luigi Penzo,,Head-to-Head,
7,Sat,2026-10-17,,Frosinone,,Sassuolo,,Stadio Benito Stirpe,,Head-to-Head,
7,Sat,2026-10-17,,Udinese,,Lecce,,Bluenergy Stadium,,Head-to-Head,
7,Sat,2026-10-17,,Bologna,,Inter,,Stadio Renato Dall'Ara,,Head-to-Head,
7,Sat,2026-10-17,,Parma,,Torino,,Stadio Ennio Tardini,,Head-to-Head,
7,Sat,2026-10-17,,Roma,,Genoa,,Stadio Olimpico,,Head-to-Head,
,,,,,,,,,,,
8,Sun,2026-10-25,,Atalanta,,Frosinone,,New Balance Arena,,Head-to-Head,
8,Sun,2026-10-25,,Lazio,,Parma,,Stadio Olimpico,,Head-to-Head,
8,Sun,2026-10-25,,Lecce,,Juventus,,Stadio Comunale Ettore Giardiniero,,Head-to-Head,
8,Sun,2026-10-25,,Genoa,,Venezia,,Stadio Comunale Luigi Ferraris,,Head-to-Head,
8,Sun,2026-10-25,,Inter,,Fiorentina,,Stadio Giuseppe Meazza,,Head-to-Head,
8,Sun,2026-10-25,,Como,,Sassuolo,,Stadio Giuseppe Sinigaglia,,Head-to-Head,
8,Sun,2026-10-25,,Cagliari,,Bologna,,Unipol Domus,,Head-to-Head,
8,Sun,2026-10-25,,Udinese,,Milan,,Bluenergy Stadium,,Head-to-Head,
8,Sun,2026-10-25,,Napoli,,Roma,,Stadio Diego Armando Maradona,,Head-to-Head,
8,Sun,2026-10-25,,Torino,,Monza,,Stadio Olimpico Grande Torino,,Head-to-Head,
,,,,,,,,,,,
9,Wed,2026-10-28,,Sassuolo,,Lazio,,Mapei Stadium - Città del Tricolore,,Head-to-Head,
9,Wed,2026-10-28,,Genoa,,Juventus,,Stadio Comunale Luigi Ferraris,,Head-to-Head,
9,Wed,2026-10-28,,Milan,,Bologna,,Stadio Giuseppe Meazza,,Head-to-Head,
9,Wed,2026-10-28,,Monza,,Napoli,,U-Power Stadium,,Head-to-Head,
9,Wed,2026-10-28,,Venezia,,Inter,,Stadio Pier Luigi Penzo,,Head-to-Head,
9,Wed,2026-10-28,,Parma,,Udinese,,Stadio Ennio Tardini,,Head-to-Head,
9,Wed,2026-10-28,,Roma,,Cagliari,,Stadio Olimpico,,Head-to-Head,
9,Wed,2026-10-28,,Frosinone,,Lecce,,Stadio Benito Stirpe,,Head-to-Head,
9,Wed,2026-10-28,,Fiorentina,,Atalanta,,Stadio Artemio Franchi,,Head-to-Head,
9,Wed,2026-10-28,,Torino,,Como,,Stadio Olimpico Grande Torino,,Head-to-Head,
,,,,,,,,,,,
10,Sun,2026-11-01,,Lazio,,Cagliari,,Stadio Olimpico,,Head-to-Head,
10,Sun,2026-11-01,,Como,,Venezia,,Stadio Giuseppe Sinigaglia,,Head-to-Head,
10,Sun,2026-11-01,,Frosinone,,Torino,,Stadio Benito Stirpe,,Head-to-Head,
10,Sun,2026-11-01,,Milan,,Inter,,Stadio Giuseppe Meazza,,Head-to-Head,
10,Sun,2026-11-01,,Juventus,,Napoli,,Allianz Stadium,,Head-to-Head,
10,Sun,2026-11-01,,Sassuolo,,Fiorentina,,Mapei Stadium - Città del Tricolore,,Head-to-Head,
10,Sun,2026-11-01,,Udinese,,Roma,,Bluenergy Stadium,,Head-to-Head,
10,Sun,2026-11-01,,Bologna,,Monza,,Stadio Renato Dall'Ara,,Head-to-Head,
10,Sun,2026-11-01,,Atalanta,,Parma,,New Balance Arena,,Head-to-Head,
10,Sun,2026-11-01,,Lecce,,Genoa,,Stadio Comunale Ettore Giardiniero,,Head-to-Head,
,,,,,,,,,,,
11,Sun,2026-11-08,,Napoli,,Lazio,,Stadio Diego Armando Maradona,,Head-to-Head,
11,Sun,2026-11-08,,Venezia,,Udinese,,Stadio Pier Luigi Penzo,,Head-to-Head,
11,Sun,2026-11-08,,Torino,,Lecce,,Stadio Olimpico Grande Torino,,Head-to-Head,
11,Sun,2026-11-08,,Monza,,Atalanta,,U-Power Stadium,,Head-to-Head,
11,Sun,2026-11-08,,Fiorentina,,Juventus,,Stadio Artemio Franchi,,Head-to-Head,
11,Sun,2026-11-08,,Inter,,Como,,Stadio Giuseppe Meazza,,Head-to-Head,
11,Sun,2026-11-08,,Roma,,Sassuolo,,Stadio Olimpico,,Head-to-Head,
11,Sun,2026-11-08,,Parma,,Bologna,,Stadio Ennio Tardini,,Head-to-Head,
11,Sun,2026-11-08,,Cagliari,,Frosinone,,Unipol Domus,,Head-to-Head,
11,Sun,2026-11-08,,Genoa,,Milan,,Stadio Comunale Luigi Ferraris,,Head-to-Head,
,,,,,,,,,,,
12,Sun,2026-11-22,,Parma,,Roma,,Stadio Ennio Tardini,,Head-to-Head,
12,Sun,2026-11-22,,Milan,,Frosinone,,Stadio Giuseppe Meazza,,Head-to-Head,
12,Sun,2026-11-22,,Como,,Cagliari,,Stadio Giuseppe Sinigaglia,,Head-to-Head,
12,Sun,2026-11-22,,Sassuolo,,Genoa,,Mapei Stadium - Città del Tricolore,,Head-to-Head,
12,Sun,2026-11-22,,Juventus,,Venezia,,Allianz Stadium,,Head-to-Head,
12,Sun,2026-11-22,,Napoli,,Torino,,Stadio Diego Armando Maradona,,Head-to-Head,
12,Sun,2026-11-22,,Bologna,,Udinese,,Stadio Renato Dall'Ara,,Head-to-Head,
12,Sun,2026-11-22,,Lazio,,Lecce,,Stadio Olimpico,,Head-to-Head,
12,Sun,2026-11-22,,Monza,,Fiorentina,,U-Power Stadium,,Head-to-Head,
12,Sun,2026-11-22,,Atalanta,,Inter,,New Balance Arena,,Head-to-Head,
,,,,,,,,,,,
13,Sun,2026-11-29,,Como,,Juventus,,Stadio Giuseppe Sinigaglia,,Head-to-Head,
13,Sun,2026-11-29,,Sassuolo,,Napoli,,Mapei Stadium - Città del Tricolore,,Head-to-Head,
13,Sun,2026-11-29,,Lecce,,Atalanta,,Stadio Comunale Ettore Giardiniero,,Head-to-Head,
13,Sun,2026-11-29,,Torino,,Lazio,,Stadio Olimpico Grande Torino,,Head-to-Head,
13,Sun,2026-11-29,,Frosinone,,Parma,,Stadio Benito Stirpe,,Head-to-Head,
13,Sun,2026-11-29,,Cagliari,,Milan,,Unipol Domus,,Head-to-Head,
13,Sun,2026-11-29,,Venezia,,Bologna,,Stadio Pier Luigi Penzo,,Head-to-Head,
13,Sun,2026-11-29,,Udinese,,Fiorentina,,Bluenergy Stadium,,Head-to-Head,
13,Sun,2026-11-29,,Roma,,Monza,,Stadio Olimpico,,Head-to-Head,
13,Sun,2026-11-29,,Inter,,Genoa,,Stadio Giuseppe Meazza,,Head-to-Head,
,,,,,,,,,,,
14,Sun,2026-12-06,,Frosinone,,Inter,,Stadio Benito Stirpe,,Head-to-Head,
14,Sun,2026-12-06,,Bologna,,Roma,,Stadio Renato Dall'Ara,,Head-to-Head,
14,Sun,2026-12-06,,Juventus,,Udinese,,Allianz Stadium,,Head-to-Head,
14,Sun,2026-12-06,,Venezia,,Sassuolo,,Stadio Pier Luigi Penzo,,Head-to-Head,
14,Sun,2026-12-06,,Fiorentina,,Cagliari,,Stadio Artemio Franchi,,Head-to-Head,
14,Sun,2026-12-06,,Monza,,Como,,U-Power Stadium,,Head-to-Head,
14,Sun,2026-12-06,,Milan,,Parma,,Stadio Giuseppe Meazza,,Head-to-Head,
14,Sun,2026-12-06,,Genoa,,Torino,,Stadio Comunale Luigi Ferraris,,Head-to-Head,
14,Sun,2026-12-06,,Napoli,,Lecce,,Stadio Diego Armando Maradona,,Head-to-Head,
14,Sun,2026-12-06,,Lazio,,Atalanta,,Stadio Olimpico,,Head-to-Head,
,,,,,,,,,,,
15,Sun,2026-12-13,,Atalanta,,Genoa,,New Balance Arena,,Head-to-Head,
15,Sun,2026-12-13,,Inter,,Torino,,Stadio Giuseppe Meazza,,Head-to-Head,
15,Sun,2026-12-13,,Parma,,Fiorentina,,Stadio Ennio Tardini,,Head-to-Head,
15,Sun,2026-12-13,,Lazio,,Roma,,Stadio Olimpico,,Head-to-Head,
15,Sun,2026-12-13,,Juventus,,Monza,,Allianz Stadium,,Head-to-Head,
15,Sun,2026-12-13,,Udinese,,Frosinone,,Bluenergy Stadium,,Head-to-Head,
15,Sun,2026-12-13,,Lecce,,Sassuolo,,Stadio Comunale Ettore Giardiniero,,Head-to-Head,
15,Sun,2026-12-13,,Como,,Bologna,,Stadio Giuseppe Sinigaglia,,Head-to-Head,
15,Sun,2026-12-13,,Napoli,,Milan,,Stadio Diego Armando Maradona,,Head-to-Head,
15,Sun,2026-12-13,,Cagliari,,Venezia,,Unipol Domus,,Head-to-Head,
,,,,,,,,,,,
16,Sun,2026-12-20,,Atalanta,,Napoli,,New Balance Arena,,Head-to-Head,
16,Sun,2026-12-20,,Fiorentina,,Bologna,,Stadio Artemio Franchi,,Head-to-Head,
16,Sun,2026-12-20,,Sassuolo,,Parma,,Mapei Stadium - Città del Tricolore,,Head-to-Head,
16,Sun,2026-12-20,,Venezia,,Monza,,Stadio Pier Luigi Penzo,,Head-to-Head,
16,Sun,2026-12-20,,Milan,,Como,,Stadio Giuseppe Meazza,,Head-to-Head,
16,Sun,2026-12-20,,Frosinone,,Lazio,,Stadio Benito Stirpe,,Head-to-Head,
16,Sun,2026-12-20,,Lecce,,Inter,,Stadio Comunale Ettore Giardiniero,,Head-to-Head,
16,Sun,2026-12-20,,Roma,,Juventus,,Stadio Olimpico,,Head-to-Head,
16,Sun,2026-12-20,,Torino,,Cagliari,,Stadio Olimpico Grande Torino,,Head-to-Head,
16,Sun,2026-12-20,,Genoa,,Udinese,,Stadio Comunale Luigi Ferraris,,Head-to-Head,
,,,,,,,,,,,
17,Sun,2027-01-03,,Bologna,,Juventus,,Stadio Renato Dall'Ara,,Head-to-Head,
17,Sun,2027-01-03,,Como,,Lecce,,Stadio Giuseppe Sinigaglia,,Head-to-Head,
17,Sun,2027-01-03,,Cagliari,,Genoa,,Unipol Domus,,Head-to-Head,
17,Sun,2027-01-03,,Fiorentina,,Lazio,,Stadio Artemio Franchi,,Head-to-Head,
17,Sun,2027-01-03,,Inter,,Sassuolo,,Stadio Giuseppe Meazza,,Head-to-Head,
17,Sun,2027-01-03,,Roma,,Frosinone,,Stadio Olimpico,,Head-to-Head,
17,Sun,2027-01-03,,Parma,,Napoli,,Stadio Ennio Tardini,,Head-to-Head,
17,Sun,2027-01-03,,Monza,,Milan,,U-Power Stadium,,Head-to-Head,
17,Sun,2027-01-03,,Udinese,,Atalanta,,Bluenergy Stadium,,Head-to-Head,
17,Sun,2027-01-03,,Torino,,Venezia,,Stadio Olimpico Grande Torino,,Head-to-Head,
,,,,,,,,,,,
18,Wed,2027-01-06,,Napoli,,Cagliari,,Stadio Diego Armando Maradona,,Head-to-Head,
18,Wed,2027-01-06,,Atalanta,,Como,,New Balance Arena,,Head-to-Head,
18,Wed,2027-01-06,,Sassuolo,,Udinese,,Mapei Stadium - Città del Tricolore,,Head-to-Head,
18,Wed,2027-01-06,,Juventus,,Torino,,Allianz Stadium,,Head-to-Head,
18,Wed,2027-01-06,,Lecce,,Parma,,Stadio Comunale Ettore Giardiniero,,Head-to-Head,
18,Wed,2027-01-06,,Milan,,Fiorentina,,Stadio Giuseppe Meazza,,Head-to-Head,
18,Wed,2027-01-06,,Venezia,,Roma,,Stadio Pier Luigi Penzo,,Head-to-Head,
18,Wed,2027-01-06,,Lazio,,Inter,,Stadio Olimpico,,Head-to-Head,
18,Wed,2027-01-06,,Frosinone,,Bologna,,Stadio Benito Stirpe,,Head-to-Head,
18,Wed,2027-01-06,,Genoa,,Monza,,Stadio Comunale Luigi Ferraris,,Head-to-Head,
,,,,,,,,,,,
19,Sun,2027-01-10,,Como,,Lazio,,Stadio Giuseppe Sinigaglia,,Head-to-Head,
19,Sun,2027-01-10,,Fiorentina,,Lecce,,Stadio Artemio Franchi,,Head-to-Head,
19,Sun,2027-01-10,,Bologna,,Genoa,,Stadio Renato Dall'Ara,,Head-to-Head,
19,Sun,2027-01-10,,Roma,,Milan,,Stadio Olimpico,,Head-to-Head,
19,Sun,2027-01-10,,Torino,,Atalanta,,Stadio Olimpico Grande Torino,,Head-to-Head,
19,Sun,2027-01-10,,Udinese,,Napoli,,Bluenergy Stadium,,Head-to-Head,
19,Sun,2027-01-10,,Cagliari,,Sassuolo,,Unipol Domus,,Head-to-Head,
19,Sun,2027-01-10,,Inter,,Juventus,,Stadio Giuseppe Meazza,,Head-to-Head,
19,Sun,2027-01-10,,Monza,,Frosinone,,U-Power Stadium,,Head-to-Head,
19,Sun,2027-01-10,,Parma,,Venezia,,Stadio Ennio Tardini,,Head-to-Head,
,,,,,,,,,,,
20,Sun,2027-01-17,,Atalanta,,Roma,,New Balance Arena,,Head-to-Head,
20,Sun,2027-01-17,,Lecce,,Udinese,,Stadio Comunale Ettore Giardiniero,,Head-to-Head,
20,Sun,2027-01-17,,Napoli,,Fiorentina,,Stadio Diego Armando Maradona,,Head-to-Head,
20,Sun,2027-01-17,,Venezia,,Frosinone,,Stadio Pier Luigi Penzo,,Head-to-Head,
20,Sun,2027-01-17,,Parma,,Inter,,Stadio Ennio Tardini,,Head-to-Head,
20,Sun,2027-01-17,,Cagliari,,Como,,Unipol Domus,,Head-to-Head,
20,Sun,2027-01-17,,Juventus,,Genoa,,Allianz Stadium,,Head-to-Head,
20,Sun,2027-01-17,,Lazio,,Bologna,,Stadio Olimpico,,Head-to-Head,
20,Sun,2027-01-17,,Sassuolo,,Monza,,Mapei Stadium - Città del Tricolore,,Head-to-Head,
20,Sun,2027-01-17,,Milan,,Torino,,Stadio Giuseppe Meazza,,Head-to-Head,
,,,,,,,,,,,
21,Sun,2027-01-24,,Bologna,,Atalanta,,Stadio Renato Dall'Ara,,Head-to-Head,
21,Sun,2027-01-24,,Monza,,Lazio,,U-Power Stadium,,Head-to-Head,
21,Sun,2027-01-24,,Como,,Napoli,,Stadio Giuseppe Sinigaglia,,Head-to-Head,
21,Sun,2027-01-24,,Roma,,Udinese,,Stadio Olimpico,,Head-to-Head,
21,Sun,2027-01-24,,Inter,,Venezia,,Stadio Giuseppe Meazza,,Head-to-Head,
21,Sun,2027-01-24,,Fiorentina,,Sassuolo,,Stadio Artemio Franchi,,Head-to-Head,
21,Sun,2027-01-24,,Genoa,,Parma,,Stadio Comunale Luigi Ferraris,,Head-to-Head,
21,Sun,2027-01-24,,Lecce,,Torino,,Stadio Comunale Ettore Giardiniero,,Head-to-Head,
21,Sun,2027-01-24,,Frosinone,,Milan,,Stadio Benito Stirpe,,Head-to-Head,
21,Sun,2027-01-24,,Juventus,,Cagliari,,Allianz Stadium,,Head-to-Head,
,,,,,,,,,,,
22,Sun,2027-01-31,,Udinese,,Bologna,,Bluenergy Stadium,,Head-to-Head,
22,Sun,2027-01-31,,Monza,,Roma,,U-Power Stadium,,Head-to-Head,
22,Sun,2027-01-31,,Torino,,Frosinone,,Stadio Olimpico Grande Torino,,Head-to-Head,
22,Sun,2027-01-31,,Milan,,Juventus,,Stadio Giuseppe Meazza,,Head-to-Head,
22,Sun,2027-01-31,,Lazio,,Venezia,,Stadio Olimpico,,Head-to-Head,
22,Sun,2027-01-31,,Atalanta,,Fiorentina,,New Balance Arena,,Head-to-Head,
22,Sun,2027-01-31,,Napoli,,Inter,,Stadio Diego Armando Maradona,,Head-to-Head,
22,Sun,2027-01-31,,Sassuolo,,Como,,Mapei Stadium - Città del Tricolore,,Head-to-Head,
22,Sun,2027-01-31,,Cagliari,,Parma,,Unipol Domus,,Head-to-Head,
22,Sun,2027-01-31,,Genoa,,Lecce,,Stadio Comunale Luigi Ferraris,,Head-to-Head,
,,,,,,,,,,,
23,Sun,2027-02-07,,Juventus,,Sassuolo,,Allianz Stadium,,Head-to-Head,
23,Sun,2027-02-07,,Como,,Monza,,Stadio Giuseppe Sinigaglia,,Head-to-Head,
23,Sun,2027-02-07,,Bologna,,Milan,,Stadio Renato Dall'Ara,,Head-to-Head,
23,Sun,2027-02-07,,Roma,,Torino,,Stadio Olimpico,,Head-to-Head,
23,Sun,2027-02-07,,Lecce,,Napoli,,Stadio Comunale Ettore Giardiniero,,Head-to-Head,
23,Sun,2027-02-07,,Atalanta,,Lazio,,New Balance Arena,,Head-to-Head,
23,Sun,2027-02-07,,Venezia,,Genoa,,Stadio Pier Luigi Penzo,,Head-to-Head,
23,Sun,2027-02-07,,Fiorentina,,Udinese,,Stadio Artemio Franchi,,Head-to-Head,
23,Sun,2027-02-07,,Parma,,Frosinone,,Stadio Ennio Tardini,,Head-to-Head,
23,Sun,2027-02-07,,Inter,,Cagliari,,Stadio Giuseppe Meazza,,Head-to-Head,
,,,,,,,,,,,
24,Sun,2027-02-14,,Napoli,,Juventus,,Stadio Diego Armando Maradona,,Head-to-Head,
24,Sun,2027-02-14,,Frosinone,,Fiorentina,,Stadio Benito Stirpe,,Head-to-Head,
24,Sun,2027-02-14,,Genoa,,Atalanta,,Stadio Comunale Luigi Ferraris,,Head-to-Head,
24,Sun,2027-02-14,,Monza,,Lecce,,U-Power Stadium,,Head-to-Head,
24,Sun,2027-02-14,,Cagliari,,Lazio,,Unipol Domus,,Head-to-Head,
24,Sun,2027-02-14,,Udinese,,Venezia,,Bluenergy Stadium,,Head-to-Head,
24,Sun,2027-02-14,,Bologna,,Como,,Stadio Renato Dall'Ara,,Head-to-Head,
24,Sun,2027-02-14,,Inter,,Milan,,Stadio Giuseppe Meazza,,Head-to-Head,
24,Sun,2027-02-14,,Torino,,Sassuolo,,Stadio Olimpico Grande Torino,,Head-to-Head,
24,Sun,2027-02-14,,Roma,,Parma,,Stadio Olimpico,,Head-to-Head,
,,,,,,,,,,,
25,Sun,2027-02-21,,Como,,Torino,,Stadio Giuseppe Sinigaglia,,Head-to-Head,
25,Sun,2027-02-21,,Udinese,,Parma,,Bluenergy Stadium,,Head-to-Head,
25,Sun,2027-02-21,,Fiorentina,,Inter,,Stadio Artemio Franchi,,Head-to-Head,
25,Sun,2027-02-21,,Lazio,,Napoli,,Stadio Olimpico,,Head-to-Head,
25,Sun,2027-02-21,,Milan,,Genoa,,Stadio Giuseppe Meazza,,Head-to-Head,
25,Sun,2027-02-21,,Atalanta,,Monza,,New Balance Arena,,Head-to-Head,
25,Sun,2027-02-21,,Juventus,,Bologna,,Allianz Stadium,,Head-to-Head,
25,Sun,2027-02-21,,Lecce,,Frosinone,,Stadio Comunale Ettore Giardiniero,,Head-to-Head,
25,Sun,2027-02-21,,Venezia,,Cagliari,,Stadio Pier Luigi Penzo,,Head-to-Head,
25,Sun,2027-02-21,,Sassuolo,,Roma,,Mapei Stadium - Città del Tricolore,,Head-to-Head,
,,,,,,,,,,,
26,Sun,2027-02-28,,Bologna,,Lecce,,Stadio Renato Dall'Ara,,Head-to-Head,
26,Sun,2027-02-28,,Torino,,Fiorentina,,Stadio Olimpico Grande Torino,,Head-to-Head,
26,Sun,2027-02-28,,Cagliari,,Udinese,,Unipol Domus,,Head-to-Head,
26,Sun,2027-02-28,,Inter,,Atalanta,,Stadio Giuseppe Meazza,,Head-to-Head,
26,Sun,2027-02-28,,Como,,Milan,,Stadio Giuseppe Sinigaglia,,Head-to-Head,
26,Sun,2027-02-28,,Frosinone,,Napoli,,Stadio Benito Stirpe,,Head-to-Head,
26,Sun,2027-02-28,,Parma,,Sassuolo,,Stadio Ennio Tardini,,Head-to-Head,
26,Sun,2027-02-28,,Roma,,Venezia,,Stadio Olimpico,,Head-to-Head,
26,Sun,2027-02-28,,Genoa,,Lazio,,Stadio Comunale Luigi Ferraris,,Head-to-Head,
26,Sun,2027-02-28,,Monza,,Juventus,,U-Power Stadium,,Head-to-Head,
,,,,,,,,,,,
27,Sun,2027-03-07,,Lecce,,Como,,Stadio Comunale Ettore Giardiniero,,Head-to-Head,
27,Sun,2027-03-07,,Fiorentina,,Venezia,,Stadio Artemio Franchi,,Head-to-Head,
27,Sun,2027-03-07,,Lazio,,Frosinone,,Stadio Olimpico,,Head-to-Head,
27,Sun,2027-03-07,,Napoli,,Parma,,Stadio Diego Armando Maradona,,Head-to-Head,
27,Sun,2027-03-07,,Udinese,,Inter,,Bluenergy Stadium,,Head-to-Head,
27,Sun,2027-03-07,,Juventus,,Roma,,Allianz Stadium,,Head-to-Head,
27,Sun,2027-03-07,,Sassuolo,,Bologna,,Mapei Stadium - Città del Tricolore,,Head-to-Head,
27,Sun,2027-03-07,,Milan,,Cagliari,,Stadio Giuseppe Meazza,,Head-to-Head,
27,Sun,2027-03-07,,Atalanta,,Torino,,New Balance Arena,,Head-to-Head,
27,Sun,2027-03-07,,Monza,,Genoa,,U-Power Stadium,,Head-to-Head,
,,,,,,,,,,,
28,Sun,2027-03-14,,Frosinone,,Monza,,Stadio Benito Stirpe,,Head-to-Head,
28,Sun,2027-03-14,,Torino,,Inter,,Stadio Olimpico Grande Torino,,Head-to-Head,
28,Sun,2027-03-14,,Venezia,,Atalanta,,Stadio Pier Luigi Penzo,,Head-to-Head,
28,Sun,2027-03-14,,Genoa,,Roma,,Stadio Comunale Luigi Ferraris,,Head-to-Head,
28,Sun,2027-03-14,,Lazio,,Juventus,,Stadio Olimpico,,Head-to-Head,
28,Sun,2027-03-14,,Bologna,,Napoli,,Stadio Renato Dall'Ara,,Head-to-Head,
28,Sun,2027-03-14,,Milan,,Sassuolo,,Stadio Giuseppe Meazza,,Head-to-Head,
28,Sun,2027-03-14,,Como,,Udinese,,Stadio Giuseppe Sinigaglia,,Head-to-Head,
28,Sun,2027-03-14,,Parma,,Lecce,,Stadio Ennio Tardini,,Head-to-Head,
28,Sun,2027-03-14,,Cagliari,,Fiorentina,,Unipol Domus,,Head-to-Head,
,,,,,,,,,,,
29,Sun,2027-03-21,,Juventus,,Como,,Allianz Stadium,,Head-to-Head,
29,Sun,2027-03-21,,Inter,,Frosinone,,Stadio Giuseppe Meazza,,Head-to-Head,
29,Sun,2027-03-21,,Atalanta,,Milan,,New Balance Arena,,Head-to-Head,
29,Sun,2027-03-21,,Fiorentina,,Genoa,,Stadio Artemio Franchi,,Head-to-Head,
29,Sun,2027-03-21,,Monza,,Bologna,,U-Power Stadium,,Head-to-Head,
29,Sun,2027-03-21,,Napoli,,Venezia,,Stadio Diego Armando Maradona,,Head-to-Head,
29,Sun,2027-03-21,,Sassuolo,,Cagliari,,Mapei Stadium - Città del Tricolore,,Head-to-Head,
29,Sun,2027-03-21,,Parma,,Lazio,,Stadio Ennio Tardini,,Head-to-Head,
29,Sun,2027-03-21,,Udinese,,Torino,,Bluenergy Stadium,,Head-to-Head,
29,Sun,2027-03-21,,Roma,,Lecce,,Stadio Olimpico,,Head-to-Head,
,,,,,,,,,,,
30,Sun,2027-04-04,,Genoa,,Inter,,Stadio Comunale Luigi Ferraris,,Head-to-Head,
30,Sun,2027-04-04,,Venezia,,Parma,,Stadio Pier Luigi Penzo,,Head-to-Head,
30,Sun,2027-04-04,,Como,,Fiorentina,,Stadio Giuseppe Sinigaglia,,Head-to-Head,
30,Sun,2027-04-04,,Milan,,Monza,,Stadio Giuseppe Meazza,,Head-to-Head,
30,Sun,2027-04-04,,Frosinone,,Udinese,,Stadio Benito Stirpe,,Head-to-Head,
30,Sun,2027-04-04,,Sassuolo,,Atalanta,,Mapei Stadium - Città del Tricolore,,Head-to-Head,
30,Sun,2027-04-04,,Roma,,Bologna,,Stadio Olimpico,,Head-to-Head,
30,Sun,2027-04-04,,Cagliari,,Napoli,,Unipol Domus,,Head-to-Head,
30,Sun,2027-04-04,,Torino,,Juventus,,Stadio Olimpico Grande Torino,,Head-to-Head,
30,Sun,2027-04-04,,Lecce,,Lazio,,Stadio Comunale Ettore Giardiniero,,Head-to-Head,
,,,,,,,,,,,
31,Sun,2027-04-11,,Inter,,Roma,,Stadio Giuseppe Meazza,,Head-to-Head,
31,Sun,2027-04-11,,Juventus,,Lecce,,Allianz Stadium,,Head-to-Head,
31,Sun,2027-04-11,,Udinese,,Monza,,Bluenergy Stadium,,Head-to-Head,
31,Sun,2027-04-11,,Fiorentina,,Milan,,Stadio Artemio Franchi,,Head-to-Head,
31,Sun,2027-04-11,,Cagliari,,Atalanta,,Unipol Domus,,Head-to-Head,
31,Sun,2027-04-11,,Parma,,Como,,Stadio Ennio Tardini,,Head-to-Head,
31,Sun,2027-04-11,,Frosinone,,Genoa,,Stadio Benito Stirpe,,Head-to-Head,
31,Sun,2027-04-11,,Napoli,,Sassuolo,,Stadio Diego Armando Maradona,,Head-to-Head,
31,Sun,2027-04-11,,Lazio,,Torino,,Stadio Olimpico,,Head-to-Head,
31,Sun,2027-04-11,,Bologna,,Venezia,,Stadio Renato Dall'Ara,,Head-to-Head,
,,,,,,,,,,,
32,Sun,2027-04-18,,Roma,,Lazio,,Stadio Olimpico,,Head-to-Head,
32,Sun,2027-04-18,,Como,,Frosinone,,Stadio Giuseppe Sinigaglia,,Head-to-Head,
32,Sun,2027-04-18,,Bologna,,Cagliari,,Stadio Renato Dall'Ara,,Head-to-Head,
32,Sun,2027-04-18,,Venezia,,Juventus,,Stadio Pier Luigi Penzo,,Head-to-Head,
32,Sun,2027-04-18,,Torino,,Genoa,,Stadio Olimpico Grande Torino,,Head-to-Head,
32,Sun,2027-04-18,,Atalanta,,Udinese,,New Balance Arena,,Head-to-Head,
32,Sun,2027-04-18,,Milan,,Napoli,,Stadio Giuseppe Meazza,,Head-to-Head,
32,Sun,2027-04-18,,Fiorentina,,Parma,,Stadio Artemio Franchi,,Head-to-Head,
32,Sun,2027-04-18,,Monza,,Inter,,U-Power Stadium,,Head-to-Head,
32,Sun,2027-04-18,,Sassuolo,,Lecce,,Mapei Stadium - Città del Tricolore,,Head-to-Head,
,,,,,,,,,,,
33,Sun,2027-04-25,,Lazio,,Como,,Stadio Olimpico,,Head-to-Head,
33,Sun,2027-04-25,,Genoa,,Sassuolo,,Stadio Comunale Luigi Ferraris,,Head-to-Head,
33,Sun,2027-04-25,,Frosinone,,Roma,,Stadio Benito Stirpe,,Head-to-Head,
33,Sun,2027-04-25,,Parma,,Atalanta,,Stadio Ennio Tardini,,Head-to-Head,
33,Sun,2027-04-25,,Venezia,,Torino,,Stadio Pier Luigi Penzo,,Head-to-Head,
33,Sun,2027-04-25,,Inter,,Bologna,,Stadio Giuseppe Meazza,,Head-to-Head,
33,Sun,2027-04-25,,Cagliari,,Monza,,Unipol Domus,,Head-to-Head,
33,Sun,2027-04-25,,Lecce,,Milan,,Stadio Comunale Ettore Giardiniero,,Head-to-Head,
33,Sun,2027-04-25,,Napoli,,Udinese,,Stadio Diego Armando Maradona,,Head-to-Head,
33,Sun,2027-04-25,,Juventus,,Fiorentina,,Allianz Stadium,,Head-to-Head,
,,,,,,,,,,,
34,Sun,2027-05-02,,Monza,,Venezia,,U-Power Stadium,,Head-to-Head,
34,Sun,2027-05-02,,Sassuolo,,Frosinone,,Mapei Stadium - Città del Tricolore,,Head-to-Head,
34,Sun,2027-05-02,,Milan,,Lazio,,Stadio Giuseppe Meazza,,Head-to-Head,
34,Sun,2027-05-02,,Como,,Inter,,Stadio Giuseppe Sinigaglia,,Head-to-Head,
34,Sun,2027-05-02,,Atalanta,,Juventus,,New Balance Arena,,Head-to-Head,
34,Sun,2027-05-02,,Roma,,Napoli,,Stadio Olimpico,,Head-to-Head,
34,Sun,2027-05-02,,Bologna,,Fiorentina,,Stadio Renato Dall'Ara,,Head-to-Head,
34,Sun,2027-05-02,,Torino,,Parma,,Stadio Olimpico Grande Torino,,Head-to-Head,
34,Sun,2027-05-02,,Lecce,,Cagliari,,Stadio Comunale Ettore Giardiniero,,Head-to-Head,
34,Sun,2027-05-02,,Udinese,,Genoa,,Bluenergy Stadium,,Head-to-Head,
,,,,,,,,,,,
35,Sun,2027-05-09,,Genoa,,Cagliari,,Stadio Comunale Luigi Ferraris,,Head-to-Head,
35,Sun,2027-05-09,,Parma,,Milan,,Stadio Ennio Tardini,,Head-to-Head,
35,Sun,2027-05-09,,Udinese,,Juventus,,Bluenergy Stadium,,Head-to-Head,
35,Sun,2027-05-09,,Lazio,,Sassuolo,,Stadio Olimpico,,Head-to-Head,
35,Sun,2027-05-09,,Frosinone,,Atalanta,,Stadio Benito Stirpe,,Head-to-Head,
35,Sun,2027-05-09,,Inter,,Lecce,,Stadio Giuseppe Meazza,,Head-to-Head,
35,Sun,2027-05-09,,Fiorentina,,Roma,,Stadio Artemio Franchi,,Head-to-Head,
35,Sun,2027-05-09,,Napoli,,Monza,,Stadio Diego Armando Maradona,,Head-to-Head,
35,Sun,2027-05-09,,Venezia,,Como,,Stadio Pier Luigi Penzo,,Head-to-Head,
35,Sun,2027-05-09,,Torino,,Bologna,,Stadio Olimpico Grande Torino,,Head-to-Head,
,,,,,,,,,,,
36,Sun,2027-05-16,,Lecce,,Fiorentina,,Stadio Comunale Ettore Giardiniero,,Head-to-Head,
36,Sun,2027-05-16,,Juventus,,Inter,,Allianz Stadium,,Head-to-Head,
36,Sun,2027-05-16,,Monza,,Parma,,U-Power Stadium,,Head-to-Head,
36,Sun,2027-05-16,,Napoli,,Genoa,,Stadio Diego Armando Maradona,,Head-to-Head,
36,Sun,2027-05-16,,Bologna,,Frosinone,,Stadio Renato Dall'Ara,,Head-to-Head,
36,Sun,2027-05-16,,Sassuolo,,Venezia,,Mapei Stadium - Città del Tricolore,,Head-to-Head,
36,Sun,2027-05-16,,Milan,,Roma,,Stadio Giuseppe Meazza,,Head-to-Head,
36,Sun,2027-05-16,,Cagliari,,Torino,,Unipol Domus,,Head-to-Head,
36,Sun,2027-05-16,,Como,,Atalanta,,Stadio Giuseppe Sinigaglia,,Head-to-Head,
36,Sun,2027-05-16,,Lazio,,Udinese,,Stadio Olimpico,,Head-to-Head,
,,,,,,,,,,,
37,Sun,2027-05-23,,Frosinone,,Cagliari,,Stadio Benito Stirpe,,Head-to-Head,
37,Sun,2027-05-23,,Roma,,Como,,Stadio Olimpico,,Head-to-Head,
37,Sun,2027-05-23,,Torino,,Napoli,,Stadio Olimpico Grande Torino,,Head-to-Head,
37,Sun,2027-05-23,,Udinese,,Sassuolo,,Bluenergy Stadium,,Head-to-Head,
37,Sun,2027-05-23,,Atalanta,,Lecce,,New Balance Arena,,Head-to-Head,
37,Sun,2027-05-23,,Inter,,Lazio,,Stadio Giuseppe Meazza,,Head-to-Head,
37,Sun,2027-05-23,,Parma,,Juventus,,Stadio Ennio Tardini,,Head-to-Head,
37,Sun,2027-05-23,,Venezia,,Milan,,Stadio Pier Luigi Penzo,,Head-to-Head,
37,Sun,2027-05-23,,Fiorentina,,Monza,,Stadio Artemio Franchi,,Head-to-Head,
37,Sun,2027-05-23,,Genoa,,Bologna,,Stadio Comunale Luigi Ferraris,,Head-to-Head,
,,,,,,,,,,,
38,Sun,2027-05-30,,Bologna,,Parma,,Stadio Renato Dall'Ara,,Head-to-Head,
38,Sun,2027-05-30,,Juventus,,Frosinone,,Allianz Stadium,,Head-to-Head,
38,Sun,2027-05-30,,Monza,,Torino,,U-Power Stadium,,Head-to-Head,
38,Sun,2027-05-30,,Como,,Genoa,,Stadio Giuseppe Sinigaglia,,Head-to-Head,
38,Sun,2027-05-30,,Sassuolo,,Inter,,Mapei Stadium - Città del Tricolore,,Head-to-Head,
38,Sun,2027-05-30,,Milan,,Udinese,,Stadio Giuseppe Meazza,,Head-to-Head,
38,Sun,2027-05-30,,Cagliari,,Roma,,Unipol Domus,,Head-to-Head,
38,Sun,2027-05-30,,Lecce,,Venezia,,Stadio Comunale Ettore Giardiniero,,Head-to-Head,
38,Sun,2027-05-30,,Lazio,,Fiorentina,,Stadio Olimpico,,Head-to-Head,
38,Sun,2027-05-30,,Napoli,,Atalanta,,Stadio Diego Armando Maradona,,Head-to-Head,